"Metric1","Metric10","Metric2","Metric3","Metric4","Metric5","Metric6","Metric7","Metric8","Metric9","Stage1Timing","Stage2Timing","Stage3Timing"
"46","32","61","83","30","12","93","28","21","59","2","1","1"
"98","25","55","23","30","1","87","22","57","94","2","1","1"
"71","62","46","47","75","98","51","70","83","87","2","1","1"
"66","35","35","89","84","71","57","13","91","33","2","1","1"
"73","73","9","24","49","30","87","13","11","3","2","1","1"
"35","0","1","32","29","86","3","22","22","13","2","1","1"
"91","60","48","48","24","10","49","80","69","69","2","1","1"
"42","30","17","0","14","56","80","97","69","68","2","1","1"
"64","68","1","45","69","97","1","85","3","98","2","1","1"
"66","35","35","89","84","71","57","13","91","33","2","1","1"
"71","62","46","47","75","98","51","70","83","87","2","1","1"
